Index,Name,FamilyKind,Implementation
1,"PubchemFP0","fingerprint","libpadeldescriptor.CDK_PubchemFingerprinter"
2,"PubchemFP1","fingerprint","libpadeldescriptor.CDK_PubchemFingerprinter"
3,"PubchemFP2","fingerprint","libpadeldescriptor.CDK_PubchemFingerprinter"
4,"PubchemFP3","fingerprint","libpadeldescriptor.CDK_PubchemFingerprinter"
5,"PubchemFP4","fingerprint","libpadeldescriptor.CDK_PubchemFingerprinter"
6,"PubchemFP5","fingerprint","libpadeldescriptor.CDK_PubchemFingerprinter"
7,"PubchemFP6","fingerprint","libpadeldescriptor.CDK_PubchemFingerprinter"
8,"PubchemFP7","fingerprint","libpadeldescriptor.CDK_PubchemFingerprinter"
9,"PubchemFP8","fingerprint","libpadeldescriptor.CDK_PubchemFingerprinter"
10,"PubchemFP9","fingerprint","libpadeldescriptor.CDK_PubchemFingerprinter"
11,"PubchemFP10","fingerprint","libpadeldescriptor.CDK_PubchemFingerprinter"
12,"PubchemFP11","fingerprint","libpadeldescriptor.CDK_PubchemFingerprinter"
13,"PubchemFP12","fingerprint","libpadeldescriptor.CDK_PubchemFingerprinter"
14,"PubchemFP13","fingerprint","libpadeldescriptor.CDK_PubchemFingerprinter"
15,"PubchemFP14","fingerprint","libpadeldescriptor.CDK_PubchemFingerprinter"
16,"PubchemFP15","fingerprint","libpadeldescriptor.CDK_PubchemFingerprinter"
17,"PubchemFP16","fingerprint","libpadeldescriptor.CDK_PubchemFingerprinter"
18,"PubchemFP17","fingerprint","libpadeldescriptor.CDK_PubchemFingerprinter"
19,"PubchemFP18","fingerprint","libpadeldescriptor.CDK_PubchemFingerprinter"
20,"PubchemFP19","fingerprint","libpadeldescriptor.CDK_PubchemFingerprinter"
21,"PubchemFP20","fingerprint","libpadeldescriptor.CDK_PubchemFingerprinter"
22,"PubchemFP21","fingerprint","libpadeldescriptor.CDK_PubchemFingerprinter"
23,"PubchemFP22","fingerprint","libpadeldescriptor.CDK_PubchemFingerprinter"
24,"PubchemFP23","fingerprint","libpadeldescriptor.CDK_PubchemFingerprinter"
25,"PubchemFP24","fingerprint","libpadeldescriptor.CDK_PubchemFingerprinter"
26,"PubchemFP25","fingerprint","libpadeldescriptor.CDK_PubchemFingerprinter"
27,"PubchemFP26","fingerprint","libpadeldescriptor.CDK_PubchemFingerprinter"
28,"PubchemFP27","fingerprint","libpadeldescriptor.CDK_PubchemFingerprinter"
29,"PubchemFP28","fingerprint","libpadeldescriptor.CDK_PubchemFingerprinter"
30,"PubchemFP29","fingerprint","libpadeldescriptor.CDK_PubchemFingerprinter"
31,"PubchemFP30","fingerprint","libpadeldescriptor.CDK_PubchemFingerprinter"
32,"PubchemFP31","fingerprint","libpadeldescriptor.CDK_PubchemFingerprinter"
33,"PubchemFP32","fingerprint","libpadeldescriptor.CDK_PubchemFingerprinter"
34,"PubchemFP33","fingerprint","libpadeldescriptor.CDK_PubchemFingerprinter"
35,"PubchemFP34","fingerprint","libpadeldescriptor.CDK_PubchemFingerprinter"
36,"PubchemFP35","fingerprint","libpadeldescriptor.CDK_PubchemFingerprinter"
37,"PubchemFP36","fingerprint","libpadeldescriptor.CDK_PubchemFingerprinter"
38,"PubchemFP37","fingerprint","libpadeldescriptor.CDK_PubchemFingerprinter"
39,"PubchemFP38","fingerprint","libpadeldescriptor.CDK_PubchemFingerprinter"
40,"PubchemFP39","fingerprint","libpadeldescriptor.CDK_PubchemFingerprinter"
41,"PubchemFP40","fingerprint","libpadeldescriptor.CDK_PubchemFingerprinter"
42,"PubchemFP41","fingerprint","libpadeldescriptor.CDK_PubchemFingerprinter"
43,"PubchemFP42","fingerprint","libpadeldescriptor.CDK_PubchemFingerprinter"
44,"PubchemFP43","fingerprint","libpadeldescriptor.CDK_PubchemFingerprinter"
45,"PubchemFP44","fingerprint","libpadeldescriptor.CDK_PubchemFingerprinter"
46,"PubchemFP45","fingerprint","libpadeldescriptor.CDK_PubchemFingerprinter"
47,"PubchemFP46","fingerprint","libpadeldescriptor.CDK_PubchemFingerprinter"
48,"PubchemFP47","fingerprint","libpadeldescriptor.CDK_PubchemFingerprinter"
49,"PubchemFP48","fingerprint","libpadeldescriptor.CDK_PubchemFingerprinter"
50,"PubchemFP49","fingerprint","libpadeldescriptor.CDK_PubchemFingerprinter"
51,"PubchemFP50","fingerprint","libpadeldescriptor.CDK_PubchemFingerprinter"
52,"PubchemFP51","fingerprint","libpadeldescriptor.CDK_PubchemFingerprinter"
53,"PubchemFP52","fingerprint","libpadeldescriptor.CDK_PubchemFingerprinter"
54,"PubchemFP53","fingerprint","libpadeldescriptor.CDK_PubchemFingerprinter"
55,"PubchemFP54","fingerprint","libpadeldescriptor.CDK_PubchemFingerprinter"
56,"PubchemFP55","fingerprint","libpadeldescriptor.CDK_PubchemFingerprinter"
57,"PubchemFP56","fingerprint","libpadeldescriptor.CDK_PubchemFingerprinter"
58,"PubchemFP57","fingerprint","libpadeldescriptor.CDK_PubchemFingerprinter"
59,"PubchemFP58","fingerprint","libpadeldescriptor.CDK_PubchemFingerprinter"
60,"PubchemFP59","fingerprint","libpadeldescriptor.CDK_PubchemFingerprinter"
61,"PubchemFP60","fingerprint","libpadeldescriptor.CDK_PubchemFingerprinter"
62,"PubchemFP61","fingerprint","libpadeldescriptor.CDK_PubchemFingerprinter"
63,"PubchemFP62","fingerprint","libpadeldescriptor.CDK_PubchemFingerprinter"
64,"PubchemFP63","fingerprint","libpadeldescriptor.CDK_PubchemFingerprinter"
65,"PubchemFP64","fingerprint","libpadeldescriptor.CDK_PubchemFingerprinter"
66,"PubchemFP65","fingerprint","libpadeldescriptor.CDK_PubchemFingerprinter"
67,"PubchemFP66","fingerprint","libpadeldescriptor.CDK_PubchemFingerprinter"
68,"PubchemFP67","fingerprint","libpadeldescriptor.CDK_PubchemFingerprinter"
69,"PubchemFP68","fingerprint","libpadeldescriptor.CDK_PubchemFingerprinter"
70,"PubchemFP69","fingerprint","libpadeldescriptor.CDK_PubchemFingerprinter"
71,"PubchemFP70","fingerprint","libpadeldescriptor.CDK_PubchemFingerprinter"
72,"PubchemFP71","fingerprint","libpadeldescriptor.CDK_PubchemFingerprinter"
73,"PubchemFP72","fingerprint","libpadeldescriptor.CDK_PubchemFingerprinter"
74,"PubchemFP73","fingerprint","libpadeldescriptor.CDK_PubchemFingerprinter"
75,"PubchemFP74","fingerprint","libpadeldescriptor.CDK_PubchemFingerprinter"
76,"PubchemFP75","fingerprint","libpadeldescriptor.CDK_PubchemFingerprinter"
77,"PubchemFP76","fingerprint","libpadeldescriptor.CDK_PubchemFingerprinter"
78,"PubchemFP77","fingerprint","libpadeldescriptor.CDK_PubchemFingerprinter"
79,"PubchemFP78","fingerprint","libpadeldescriptor.CDK_PubchemFingerprinter"
80,"PubchemFP79","fingerprint","libpadeldescriptor.CDK_PubchemFingerprinter"
81,"PubchemFP80","fingerprint","libpadeldescriptor.CDK_PubchemFingerprinter"
82,"PubchemFP81","fingerprint","libpadeldescriptor.CDK_PubchemFingerprinter"
83,"PubchemFP82","fingerprint","libpadeldescriptor.CDK_PubchemFingerprinter"
84,"PubchemFP83","fingerprint","libpadeldescriptor.CDK_PubchemFingerprinter"
85,"PubchemFP84","fingerprint","libpadeldescriptor.CDK_PubchemFingerprinter"
86,"PubchemFP85","fingerprint","libpadeldescriptor.CDK_PubchemFingerprinter"
87,"PubchemFP86","fingerprint","libpadeldescriptor.CDK_PubchemFingerprinter"
88,"PubchemFP87","fingerprint","libpadeldescriptor.CDK_PubchemFingerprinter"
89,"PubchemFP88","fingerprint","libpadeldescriptor.CDK_PubchemFingerprinter"
90,"PubchemFP89","fingerprint","libpadeldescriptor.CDK_PubchemFingerprinter"
91,"PubchemFP90","fingerprint","libpadeldescriptor.CDK_PubchemFingerprinter"
92,"PubchemFP91","fingerprint","libpadeldescriptor.CDK_PubchemFingerprinter"
93,"PubchemFP92","fingerprint","libpadeldescriptor.CDK_PubchemFingerprinter"
94,"PubchemFP93","fingerprint","libpadeldescriptor.CDK_PubchemFingerprinter"
95,"PubchemFP94","fingerprint","libpadeldescriptor.CDK_PubchemFingerprinter"
96,"PubchemFP95","fingerprint","libpadeldescriptor.CDK_PubchemFingerprinter"
97,"PubchemFP96","fingerprint","libpadeldescriptor.CDK_PubchemFingerprinter"
98,"PubchemFP97","fingerprint","libpadeldescriptor.CDK_PubchemFingerprinter"
99,"PubchemFP98","fingerprint","libpadeldescriptor.CDK_PubchemFingerprinter"
100,"PubchemFP99","fingerprint","libpadeldescriptor.CDK_PubchemFingerprinter"
101,"PubchemFP100","fingerprint","libpadeldescriptor.CDK_PubchemFingerprinter"
102,"PubchemFP101","fingerprint","libpadeldescriptor.CDK_PubchemFingerprinter"
103,"PubchemFP102","fingerprint","libpadeldescriptor.CDK_PubchemFingerprinter"
104,"PubchemFP103","fingerprint","libpadeldescriptor.CDK_PubchemFingerprinter"
105,"PubchemFP104","fingerprint","libpadeldescriptor.CDK_PubchemFingerprinter"
106,"PubchemFP105","fingerprint","libpadeldescriptor.CDK_PubchemFingerprinter"
107,"PubchemFP106","fingerprint","libpadeldescriptor.CDK_PubchemFingerprinter"
108,"PubchemFP107","fingerprint","libpadeldescriptor.CDK_PubchemFingerprinter"
109,"PubchemFP108","fingerprint","libpadeldescriptor.CDK_PubchemFingerprinter"
110,"PubchemFP109","fingerprint","libpadeldescriptor.CDK_PubchemFingerprinter"
111,"PubchemFP110","fingerprint","libpadeldescriptor.CDK_PubchemFingerprinter"
112,"PubchemFP111","fingerprint","libpadeldescriptor.CDK_PubchemFingerprinter"
113,"PubchemFP112","fingerprint","libpadeldescriptor.CDK_PubchemFingerprinter"
114,"PubchemFP113","fingerprint","libpadeldescriptor.CDK_PubchemFingerprinter"
115,"PubchemFP114","fingerprint","libpadeldescriptor.CDK_PubchemFingerprinter"
116,"PubchemFP115","fingerprint","libpadeldescriptor.CDK_PubchemFingerprinter"
117,"PubchemFP116","fingerprint","libpadeldescriptor.CDK_PubchemFingerprinter"
118,"PubchemFP117","fingerprint","libpadeldescriptor.CDK_PubchemFingerprinter"
119,"PubchemFP118","fingerprint","libpadeldescriptor.CDK_PubchemFingerprinter"
120,"PubchemFP119","fingerprint","libpadeldescriptor.CDK_PubchemFingerprinter"
121,"PubchemFP120","fingerprint","libpadeldescriptor.CDK_PubchemFingerprinter"
122,"PubchemFP121","fingerprint","libpadeldescriptor.CDK_PubchemFingerprinter"
123,"PubchemFP122","fingerprint","libpadeldescriptor.CDK_PubchemFingerprinter"
124,"PubchemFP123","fingerprint","libpadeldescriptor.CDK_PubchemFingerprinter"
125,"PubchemFP124","fingerprint","libpadeldescriptor.CDK_PubchemFingerprinter"
126,"PubchemFP125","fingerprint","libpadeldescriptor.CDK_PubchemFingerprinter"
127,"PubchemFP126","fingerprint","libpadeldescriptor.CDK_PubchemFingerprinter"
128,"PubchemFP127","fingerprint","libpadeldescriptor.CDK_PubchemFingerprinter"
129,"PubchemFP128","fingerprint","libpadeldescriptor.CDK_PubchemFingerprinter"
130,"PubchemFP129","fingerprint","libpadeldescriptor.CDK_PubchemFingerprinter"
131,"PubchemFP130","fingerprint","libpadeldescriptor.CDK_PubchemFingerprinter"
132,"PubchemFP131","fingerprint","libpadeldescriptor.CDK_PubchemFingerprinter"
133,"PubchemFP132","fingerprint","libpadeldescriptor.CDK_PubchemFingerprinter"
134,"PubchemFP133","fingerprint","libpadeldescriptor.CDK_PubchemFingerprinter"
135,"PubchemFP134","fingerprint","libpadeldescriptor.CDK_PubchemFingerprinter"
136,"PubchemFP135","fingerprint","libpadeldescriptor.CDK_PubchemFingerprinter"
137,"PubchemFP136","fingerprint","libpadeldescriptor.CDK_PubchemFingerprinter"
138,"PubchemFP137","fingerprint","libpadeldescriptor.CDK_PubchemFingerprinter"
139,"PubchemFP138","fingerprint","libpadeldescriptor.CDK_PubchemFingerprinter"
140,"PubchemFP139","fingerprint","libpadeldescriptor.CDK_PubchemFingerprinter"
141,"PubchemFP140","fingerprint","libpadeldescriptor.CDK_PubchemFingerprinter"
142,"PubchemFP141","fingerprint","libpadeldescriptor.CDK_PubchemFingerprinter"
143,"PubchemFP142","fingerprint","libpadeldescriptor.CDK_PubchemFingerprinter"
144,"PubchemFP143","fingerprint","libpadeldescriptor.CDK_PubchemFingerprinter"
145,"PubchemFP144","fingerprint","libpadeldescriptor.CDK_PubchemFingerprinter"
146,"PubchemFP145","fingerprint","libpadeldescriptor.CDK_PubchemFingerprinter"
147,"PubchemFP146","fingerprint","libpadeldescriptor.CDK_PubchemFingerprinter"
148,"PubchemFP147","fingerprint","libpadeldescriptor.CDK_PubchemFingerprinter"
149,"PubchemFP148","fingerprint","libpadeldescriptor.CDK_PubchemFingerprinter"
150,"PubchemFP149","fingerprint","libpadeldescriptor.CDK_PubchemFingerprinter"
151,"PubchemFP150","fingerprint","libpadeldescriptor.CDK_PubchemFingerprinter"
152,"PubchemFP151","fingerprint","libpadeldescriptor.CDK_PubchemFingerprinter"
153,"PubchemFP152","fingerprint","libpadeldescriptor.CDK_PubchemFingerprinter"
154,"PubchemFP153","fingerprint","libpadeldescriptor.CDK_PubchemFingerprinter"
155,"PubchemFP154","fingerprint","libpadeldescriptor.CDK_PubchemFingerprinter"
156,"PubchemFP155","fingerprint","libpadeldescriptor.CDK_PubchemFingerprinter"
157,"PubchemFP156","fingerprint","libpadeldescriptor.CDK_PubchemFingerprinter"
158,"PubchemFP157","fingerprint","libpadeldescriptor.CDK_PubchemFingerprinter"
159,"PubchemFP158","fingerprint","libpadeldescriptor.CDK_PubchemFingerprinter"
160,"PubchemFP159","fingerprint","libpadeldescriptor.CDK_PubchemFingerprinter"
161,"PubchemFP160","fingerprint","libpadeldescriptor.CDK_PubchemFingerprinter"
162,"PubchemFP161","fingerprint","libpadeldescriptor.CDK_PubchemFingerprinter"
163,"PubchemFP162","fingerprint","libpadeldescriptor.CDK_PubchemFingerprinter"
164,"PubchemFP163","fingerprint","libpadeldescriptor.CDK_PubchemFingerprinter"
165,"PubchemFP164","fingerprint","libpadeldescriptor.CDK_PubchemFingerprinter"
166,"PubchemFP165","fingerprint","libpadeldescriptor.CDK_PubchemFingerprinter"
167,"PubchemFP166","fingerprint","libpadeldescriptor.CDK_PubchemFingerprinter"
168,"PubchemFP167","fingerprint","libpadeldescriptor.CDK_PubchemFingerprinter"
169,"PubchemFP168","fingerprint","libpadeldescriptor.CDK_PubchemFingerprinter"
170,"PubchemFP169","fingerprint","libpadeldescriptor.CDK_PubchemFingerprinter"
171,"PubchemFP170","fingerprint","libpadeldescriptor.CDK_PubchemFingerprinter"
172,"PubchemFP171","fingerprint","libpadeldescriptor.CDK_PubchemFingerprinter"
173,"PubchemFP172","fingerprint","libpadeldescriptor.CDK_PubchemFingerprinter"
174,"PubchemFP173","fingerprint","libpadeldescriptor.CDK_PubchemFingerprinter"
175,"PubchemFP174","fingerprint","libpadeldescriptor.CDK_PubchemFingerprinter"
176,"PubchemFP175","fingerprint","libpadeldescriptor.CDK_PubchemFingerprinter"
177,"PubchemFP176","fingerprint","libpadeldescriptor.CDK_PubchemFingerprinter"
178,"PubchemFP177","fingerprint","libpadeldescriptor.CDK_PubchemFingerprinter"
179,"PubchemFP178","fingerprint","libpadeldescriptor.CDK_PubchemFingerprinter"
180,"PubchemFP179","fingerprint","libpadeldescriptor.CDK_PubchemFingerprinter"
181,"PubchemFP180","fingerprint","libpadeldescriptor.CDK_PubchemFingerprinter"
182,"PubchemFP181","fingerprint","libpadeldescriptor.CDK_PubchemFingerprinter"
183,"PubchemFP182","fingerprint","libpadeldescriptor.CDK_PubchemFingerprinter"
184,"PubchemFP183","fingerprint","libpadeldescriptor.CDK_PubchemFingerprinter"
185,"PubchemFP184","fingerprint","libpadeldescriptor.CDK_PubchemFingerprinter"
186,"PubchemFP185","fingerprint","libpadeldescriptor.CDK_PubchemFingerprinter"
187,"PubchemFP186","fingerprint","libpadeldescriptor.CDK_PubchemFingerprinter"
188,"PubchemFP187","fingerprint","libpadeldescriptor.CDK_PubchemFingerprinter"
189,"PubchemFP188","fingerprint","libpadeldescriptor.CDK_PubchemFingerprinter"
190,"PubchemFP189","fingerprint","libpadeldescriptor.CDK_PubchemFingerprinter"
191,"PubchemFP190","fingerprint","libpadeldescriptor.CDK_PubchemFingerprinter"
192,"PubchemFP191","fingerprint","libpadeldescriptor.CDK_PubchemFingerprinter"
193,"PubchemFP192","fingerprint","libpadeldescriptor.CDK_PubchemFingerprinter"
194,"PubchemFP193","fingerprint","libpadeldescriptor.CDK_PubchemFingerprinter"
195,"PubchemFP194","fingerprint","libpadeldescriptor.CDK_PubchemFingerprinter"
196,"PubchemFP195","fingerprint","libpadeldescriptor.CDK_PubchemFingerprinter"
197,"PubchemFP196","fingerprint","libpadeldescriptor.CDK_PubchemFingerprinter"
198,"PubchemFP197","fingerprint","libpadeldescriptor.CDK_PubchemFingerprinter"
199,"PubchemFP198","fingerprint","libpadeldescriptor.CDK_PubchemFingerprinter"
200,"PubchemFP199","fingerprint","libpadeldescriptor.CDK_PubchemFingerprinter"
201,"PubchemFP200","fingerprint","libpadeldescriptor.CDK_PubchemFingerprinter"
202,"PubchemFP201","fingerprint","libpadeldescriptor.CDK_PubchemFingerprinter"
203,"PubchemFP202","fingerprint","libpadeldescriptor.CDK_PubchemFingerprinter"
204,"PubchemFP203","fingerprint","libpadeldescriptor.CDK_PubchemFingerprinter"
205,"PubchemFP204","fingerprint","libpadeldescriptor.CDK_PubchemFingerprinter"
206,"PubchemFP205","fingerprint","libpadeldescriptor.CDK_PubchemFingerprinter"
207,"PubchemFP206","fingerprint","libpadeldescriptor.CDK_PubchemFingerprinter"
208,"PubchemFP207","fingerprint","libpadeldescriptor.CDK_PubchemFingerprinter"
209,"PubchemFP208","fingerprint","libpadeldescriptor.CDK_PubchemFingerprinter"
210,"PubchemFP209","fingerprint","libpadeldescriptor.CDK_PubchemFingerprinter"
211,"PubchemFP210","fingerprint","libpadeldescriptor.CDK_PubchemFingerprinter"
212,"PubchemFP211","fingerprint","libpadeldescriptor.CDK_PubchemFingerprinter"
213,"PubchemFP212","fingerprint","libpadeldescriptor.CDK_PubchemFingerprinter"
214,"PubchemFP213","fingerprint","libpadeldescriptor.CDK_PubchemFingerprinter"
215,"PubchemFP214","fingerprint","libpadeldescriptor.CDK_PubchemFingerprinter"
216,"PubchemFP215","fingerprint","libpadeldescriptor.CDK_PubchemFingerprinter"
217,"PubchemFP216","fingerprint","libpadeldescriptor.CDK_PubchemFingerprinter"
218,"PubchemFP217","fingerprint","libpadeldescriptor.CDK_PubchemFingerprinter"
219,"PubchemFP218","fingerprint","libpadeldescriptor.CDK_PubchemFingerprinter"
220,"PubchemFP219","fingerprint","libpadeldescriptor.CDK_PubchemFingerprinter"
221,"PubchemFP220","fingerprint","libpadeldescriptor.CDK_PubchemFingerprinter"
222,"PubchemFP221","fingerprint","libpadeldescriptor.CDK_PubchemFingerprinter"
223,"PubchemFP222","fingerprint","libpadeldescriptor.CDK_PubchemFingerprinter"
224,"PubchemFP223","fingerprint","libpadeldescriptor.CDK_PubchemFingerprinter"
225,"PubchemFP224","fingerprint","libpadeldescriptor.CDK_PubchemFingerprinter"
226,"PubchemFP225","fingerprint","libpadeldescriptor.CDK_PubchemFingerprinter"
227,"PubchemFP226","fingerprint","libpadeldescriptor.CDK_PubchemFingerprinter"
228,"PubchemFP227","fingerprint","libpadeldescriptor.CDK_PubchemFingerprinter"
229,"PubchemFP228","fingerprint","libpadeldescriptor.CDK_PubchemFingerprinter"
230,"PubchemFP229","fingerprint","libpadeldescriptor.CDK_PubchemFingerprinter"
231,"PubchemFP230","fingerprint","libpadeldescriptor.CDK_PubchemFingerprinter"
232,"PubchemFP231","fingerprint","libpadeldescriptor.CDK_PubchemFingerprinter"
233,"PubchemFP232","fingerprint","libpadeldescriptor.CDK_PubchemFingerprinter"
234,"PubchemFP233","fingerprint","libpadeldescriptor.CDK_PubchemFingerprinter"
235,"PubchemFP234","fingerprint","libpadeldescriptor.CDK_PubchemFingerprinter"
236,"PubchemFP235","fingerprint","libpadeldescriptor.CDK_PubchemFingerprinter"
237,"PubchemFP236","fingerprint","libpadeldescriptor.CDK_PubchemFingerprinter"
238,"PubchemFP237","fingerprint","libpadeldescriptor.CDK_PubchemFingerprinter"
239,"PubchemFP238","fingerprint","libpadeldescriptor.CDK_PubchemFingerprinter"
240,"PubchemFP239","fingerprint","libpadeldescriptor.CDK_PubchemFingerprinter"
241,"PubchemFP240","fingerprint","libpadeldescriptor.CDK_PubchemFingerprinter"
242,"PubchemFP241","fingerprint","libpadeldescriptor.CDK_PubchemFingerprinter"
243,"PubchemFP242","fingerprint","libpadeldescriptor.CDK_PubchemFingerprinter"
244,"PubchemFP243","fingerprint","libpadeldescriptor.CDK_PubchemFingerprinter"
245,"PubchemFP244","fingerprint","libpadeldescriptor.CDK_PubchemFingerprinter"
246,"PubchemFP245","fingerprint","libpadeldescriptor.CDK_PubchemFingerprinter"
247,"PubchemFP246","fingerprint","libpadeldescriptor.CDK_PubchemFingerprinter"
248,"PubchemFP247","fingerprint","libpadeldescriptor.CDK_PubchemFingerprinter"
249,"PubchemFP248","fingerprint","libpadeldescriptor.CDK_PubchemFingerprinter"
250,"PubchemFP249","fingerprint","libpadeldescriptor.CDK_PubchemFingerprinter"
251,"PubchemFP250","fingerprint","libpadeldescriptor.CDK_PubchemFingerprinter"
252,"PubchemFP251","fingerprint","libpadeldescriptor.CDK_PubchemFingerprinter"
253,"PubchemFP252","fingerprint","libpadeldescriptor.CDK_PubchemFingerprinter"
254,"PubchemFP253","fingerprint","libpadeldescriptor.CDK_PubchemFingerprinter"
255,"PubchemFP254","fingerprint","libpadeldescriptor.CDK_PubchemFingerprinter"
256,"PubchemFP255","fingerprint","libpadeldescriptor.CDK_PubchemFingerprinter"
257,"PubchemFP256","fingerprint","libpadeldescriptor.CDK_PubchemFingerprinter"
258,"PubchemFP257","fingerprint","libpadeldescriptor.CDK_PubchemFingerprinter"
259,"PubchemFP258","fingerprint","libpadeldescriptor.CDK_PubchemFingerprinter"
260,"PubchemFP259","fingerprint","libpadeldescriptor.CDK_PubchemFingerprinter"
261,"PubchemFP260","fingerprint","libpadeldescriptor.CDK_PubchemFingerprinter"
262,"PubchemFP261","fingerprint","libpadeldescriptor.CDK_PubchemFingerprinter"
263,"PubchemFP262","fingerprint","libpadeldescriptor.CDK_PubchemFingerprinter"
264,"PubchemFP263","fingerprint","libpadeldescriptor.CDK_PubchemFingerprinter"
265,"PubchemFP264","fingerprint","libpadeldescriptor.CDK_PubchemFingerprinter"
266,"PubchemFP265","fingerprint","libpadeldescriptor.CDK_PubchemFingerprinter"
267,"PubchemFP266","fingerprint","libpadeldescriptor.CDK_PubchemFingerprinter"
268,"PubchemFP267","fingerprint","libpadeldescriptor.CDK_PubchemFingerprinter"
269,"PubchemFP268","fingerprint","libpadeldescriptor.CDK_PubchemFingerprinter"
270,"PubchemFP269","fingerprint","libpadeldescriptor.CDK_PubchemFingerprinter"
271,"PubchemFP270","fingerprint","libpadeldescriptor.CDK_PubchemFingerprinter"
272,"PubchemFP271","fingerprint","libpadeldescriptor.CDK_PubchemFingerprinter"
273,"PubchemFP272","fingerprint","libpadeldescriptor.CDK_PubchemFingerprinter"
274,"PubchemFP273","fingerprint","libpadeldescriptor.CDK_PubchemFingerprinter"
275,"PubchemFP274","fingerprint","libpadeldescriptor.CDK_PubchemFingerprinter"
276,"PubchemFP275","fingerprint","libpadeldescriptor.CDK_PubchemFingerprinter"
277,"PubchemFP276","fingerprint","libpadeldescriptor.CDK_PubchemFingerprinter"
278,"PubchemFP277","fingerprint","libpadeldescriptor.CDK_PubchemFingerprinter"
279,"PubchemFP278","fingerprint","libpadeldescriptor.CDK_PubchemFingerprinter"
280,"PubchemFP279","fingerprint","libpadeldescriptor.CDK_PubchemFingerprinter"
281,"PubchemFP280","fingerprint","libpadeldescriptor.CDK_PubchemFingerprinter"
282,"PubchemFP281","fingerprint","libpadeldescriptor.CDK_PubchemFingerprinter"
283,"PubchemFP282","fingerprint","libpadeldescriptor.CDK_PubchemFingerprinter"
284,"PubchemFP283","fingerprint","libpadeldescriptor.CDK_PubchemFingerprinter"
285,"PubchemFP284","fingerprint","libpadeldescriptor.CDK_PubchemFingerprinter"
286,"PubchemFP285","fingerprint","libpadeldescriptor.CDK_PubchemFingerprinter"
287,"PubchemFP286","fingerprint","libpadeldescriptor.CDK_PubchemFingerprinter"
288,"PubchemFP287","fingerprint","libpadeldescriptor.CDK_PubchemFingerprinter"
289,"PubchemFP288","fingerprint","libpadeldescriptor.CDK_PubchemFingerprinter"
290,"PubchemFP289","fingerprint","libpadeldescriptor.CDK_PubchemFingerprinter"
291,"PubchemFP290","fingerprint","libpadeldescriptor.CDK_PubchemFingerprinter"
292,"PubchemFP291","fingerprint","libpadeldescriptor.CDK_PubchemFingerprinter"
293,"PubchemFP292","fingerprint","libpadeldescriptor.CDK_PubchemFingerprinter"
294,"PubchemFP293","fingerprint","libpadeldescriptor.CDK_PubchemFingerprinter"
295,"PubchemFP294","fingerprint","libpadeldescriptor.CDK_PubchemFingerprinter"
296,"PubchemFP295","fingerprint","libpadeldescriptor.CDK_PubchemFingerprinter"
297,"PubchemFP296","fingerprint","libpadeldescriptor.CDK_PubchemFingerprinter"
298,"PubchemFP297","fingerprint","libpadeldescriptor.CDK_PubchemFingerprinter"
299,"PubchemFP298","fingerprint","libpadeldescriptor.CDK_PubchemFingerprinter"
300,"PubchemFP299","fingerprint","libpadeldescriptor.CDK_PubchemFingerprinter"
301,"PubchemFP300","fingerprint","libpadeldescriptor.CDK_PubchemFingerprinter"
302,"PubchemFP301","fingerprint","libpadeldescriptor.CDK_PubchemFingerprinter"
303,"PubchemFP302","fingerprint","libpadeldescriptor.CDK_PubchemFingerprinter"
304,"PubchemFP303","fingerprint","libpadeldescriptor.CDK_PubchemFingerprinter"
305,"PubchemFP304","fingerprint","libpadeldescriptor.CDK_PubchemFingerprinter"
306,"PubchemFP305","fingerprint","libpadeldescriptor.CDK_PubchemFingerprinter"
307,"PubchemFP306","fingerprint","libpadeldescriptor.CDK_PubchemFingerprinter"
308,"PubchemFP307","fingerprint","libpadeldescriptor.CDK_PubchemFingerprinter"
309,"PubchemFP308","fingerprint","libpadeldescriptor.CDK_PubchemFingerprinter"
310,"PubchemFP309","fingerprint","libpadeldescriptor.CDK_PubchemFingerprinter"
311,"PubchemFP310","fingerprint","libpadeldescriptor.CDK_PubchemFingerprinter"
312,"PubchemFP311","fingerprint","libpadeldescriptor.CDK_PubchemFingerprinter"
313,"PubchemFP312","fingerprint","libpadeldescriptor.CDK_PubchemFingerprinter"
314,"PubchemFP313","fingerprint","libpadeldescriptor.CDK_PubchemFingerprinter"
315,"PubchemFP314","fingerprint","libpadeldescriptor.CDK_PubchemFingerprinter"
316,"PubchemFP315","fingerprint","libpadeldescriptor.CDK_PubchemFingerprinter"
317,"PubchemFP316","fingerprint","libpadeldescriptor.CDK_PubchemFingerprinter"
318,"PubchemFP317","fingerprint","libpadeldescriptor.CDK_PubchemFingerprinter"
319,"PubchemFP318","fingerprint","libpadeldescriptor.CDK_PubchemFingerprinter"
320,"PubchemFP319","fingerprint","libpadeldescriptor.CDK_PubchemFingerprinter"
321,"PubchemFP320","fingerprint","libpadeldescriptor.CDK_PubchemFingerprinter"
322,"PubchemFP321","fingerprint","libpadeldescriptor.CDK_PubchemFingerprinter"
323,"PubchemFP322","fingerprint","libpadeldescriptor.CDK_PubchemFingerprinter"
324,"PubchemFP323","fingerprint","libpadeldescriptor.CDK_PubchemFingerprinter"
325,"PubchemFP324","fingerprint","libpadeldescriptor.CDK_PubchemFingerprinter"
326,"PubchemFP325","fingerprint","libpadeldescriptor.CDK_PubchemFingerprinter"
327,"PubchemFP326","fingerprint","libpadeldescriptor.CDK_PubchemFingerprinter"
328,"PubchemFP327","fingerprint","libpadeldescriptor.CDK_PubchemFingerprinter"
329,"PubchemFP328","fingerprint","libpadeldescriptor.CDK_PubchemFingerprinter"
330,"PubchemFP329","fingerprint","libpadeldescriptor.CDK_PubchemFingerprinter"
331,"PubchemFP330","fingerprint","libpadeldescriptor.CDK_PubchemFingerprinter"
332,"PubchemFP331","fingerprint","libpadeldescriptor.CDK_PubchemFingerprinter"
333,"PubchemFP332","fingerprint","libpadeldescriptor.CDK_PubchemFingerprinter"
334,"PubchemFP333","fingerprint","libpadeldescriptor.CDK_PubchemFingerprinter"
335,"PubchemFP334","fingerprint","libpadeldescriptor.CDK_PubchemFingerprinter"
336,"PubchemFP335","fingerprint","libpadeldescriptor.CDK_PubchemFingerprinter"
337,"PubchemFP336","fingerprint","libpadeldescriptor.CDK_PubchemFingerprinter"
338,"PubchemFP337","fingerprint","libpadeldescriptor.CDK_PubchemFingerprinter"
339,"PubchemFP338","fingerprint","libpadeldescriptor.CDK_PubchemFingerprinter"
340,"PubchemFP339","fingerprint","libpadeldescriptor.CDK_PubchemFingerprinter"
341,"PubchemFP340","fingerprint","libpadeldescriptor.CDK_PubchemFingerprinter"
342,"PubchemFP341","fingerprint","libpadeldescriptor.CDK_PubchemFingerprinter"
343,"PubchemFP342","fingerprint","libpadeldescriptor.CDK_PubchemFingerprinter"
344,"PubchemFP343","fingerprint","libpadeldescriptor.CDK_PubchemFingerprinter"
345,"PubchemFP344","fingerprint","libpadeldescriptor.CDK_PubchemFingerprinter"
346,"PubchemFP345","fingerprint","libpadeldescriptor.CDK_PubchemFingerprinter"
347,"PubchemFP346","fingerprint","libpadeldescriptor.CDK_PubchemFingerprinter"
348,"PubchemFP347","fingerprint","libpadeldescriptor.CDK_PubchemFingerprinter"
349,"PubchemFP348","fingerprint","libpadeldescriptor.CDK_PubchemFingerprinter"
350,"PubchemFP349","fingerprint","libpadeldescriptor.CDK_PubchemFingerprinter"
351,"PubchemFP350","fingerprint","libpadeldescriptor.CDK_PubchemFingerprinter"
352,"PubchemFP351","fingerprint","libpadeldescriptor.CDK_PubchemFingerprinter"
353,"PubchemFP352","fingerprint","libpadeldescriptor.CDK_PubchemFingerprinter"
354,"PubchemFP353","fingerprint","libpadeldescriptor.CDK_PubchemFingerprinter"
355,"PubchemFP354","fingerprint","libpadeldescriptor.CDK_PubchemFingerprinter"
356,"PubchemFP355","fingerprint","libpadeldescriptor.CDK_PubchemFingerprinter"
357,"PubchemFP356","fingerprint","libpadeldescriptor.CDK_PubchemFingerprinter"
358,"PubchemFP357","fingerprint","libpadeldescriptor.CDK_PubchemFingerprinter"
359,"PubchemFP358","fingerprint","libpadeldescriptor.CDK_PubchemFingerprinter"
360,"PubchemFP359","fingerprint","libpadeldescriptor.CDK_PubchemFingerprinter"
361,"PubchemFP360","fingerprint","libpadeldescriptor.CDK_PubchemFingerprinter"
362,"PubchemFP361","fingerprint","libpadeldescriptor.CDK_PubchemFingerprinter"
363,"PubchemFP362","fingerprint","libpadeldescriptor.CDK_PubchemFingerprinter"
364,"PubchemFP363","fingerprint","libpadeldescriptor.CDK_PubchemFingerprinter"
365,"PubchemFP364","fingerprint","libpadeldescriptor.CDK_PubchemFingerprinter"
366,"PubchemFP365","fingerprint","libpadeldescriptor.CDK_PubchemFingerprinter"
367,"PubchemFP366","fingerprint","libpadeldescriptor.CDK_PubchemFingerprinter"
368,"PubchemFP367","fingerprint","libpadeldescriptor.CDK_PubchemFingerprinter"
369,"PubchemFP368","fingerprint","libpadeldescriptor.CDK_PubchemFingerprinter"
370,"PubchemFP369","fingerprint","libpadeldescriptor.CDK_PubchemFingerprinter"
371,"PubchemFP370","fingerprint","libpadeldescriptor.CDK_PubchemFingerprinter"
372,"PubchemFP371","fingerprint","libpadeldescriptor.CDK_PubchemFingerprinter"
373,"PubchemFP372","fingerprint","libpadeldescriptor.CDK_PubchemFingerprinter"
374,"PubchemFP373","fingerprint","libpadeldescriptor.CDK_PubchemFingerprinter"
375,"PubchemFP374","fingerprint","libpadeldescriptor.CDK_PubchemFingerprinter"
376,"PubchemFP375","fingerprint","libpadeldescriptor.CDK_PubchemFingerprinter"
377,"PubchemFP376","fingerprint","libpadeldescriptor.CDK_PubchemFingerprinter"
378,"PubchemFP377","fingerprint","libpadeldescriptor.CDK_PubchemFingerprinter"
379,"PubchemFP378","fingerprint","libpadeldescriptor.CDK_PubchemFingerprinter"
380,"PubchemFP379","fingerprint","libpadeldescriptor.CDK_PubchemFingerprinter"
381,"PubchemFP380","fingerprint","libpadeldescriptor.CDK_PubchemFingerprinter"
382,"PubchemFP381","fingerprint","libpadeldescriptor.CDK_PubchemFingerprinter"
383,"PubchemFP382","fingerprint","libpadeldescriptor.CDK_PubchemFingerprinter"
384,"PubchemFP383","fingerprint","libpadeldescriptor.CDK_PubchemFingerprinter"
385,"PubchemFP384","fingerprint","libpadeldescriptor.CDK_PubchemFingerprinter"
386,"PubchemFP385","fingerprint","libpadeldescriptor.CDK_PubchemFingerprinter"
387,"PubchemFP386","fingerprint","libpadeldescriptor.CDK_PubchemFingerprinter"
388,"PubchemFP387","fingerprint","libpadeldescriptor.CDK_PubchemFingerprinter"
389,"PubchemFP388","fingerprint","libpadeldescriptor.CDK_PubchemFingerprinter"
390,"PubchemFP389","fingerprint","libpadeldescriptor.CDK_PubchemFingerprinter"
391,"PubchemFP390","fingerprint","libpadeldescriptor.CDK_PubchemFingerprinter"
392,"PubchemFP391","fingerprint","libpadeldescriptor.CDK_PubchemFingerprinter"
393,"PubchemFP392","fingerprint","libpadeldescriptor.CDK_PubchemFingerprinter"
394,"PubchemFP393","fingerprint","libpadeldescriptor.CDK_PubchemFingerprinter"
395,"PubchemFP394","fingerprint","libpadeldescriptor.CDK_PubchemFingerprinter"
396,"PubchemFP395","fingerprint","libpadeldescriptor.CDK_PubchemFingerprinter"
397,"PubchemFP396","fingerprint","libpadeldescriptor.CDK_PubchemFingerprinter"
398,"PubchemFP397","fingerprint","libpadeldescriptor.CDK_PubchemFingerprinter"
399,"PubchemFP398","fingerprint","libpadeldescriptor.CDK_PubchemFingerprinter"
400,"PubchemFP399","fingerprint","libpadeldescriptor.CDK_PubchemFingerprinter"
401,"PubchemFP400","fingerprint","libpadeldescriptor.CDK_PubchemFingerprinter"
402,"PubchemFP401","fingerprint","libpadeldescriptor.CDK_PubchemFingerprinter"
403,"PubchemFP402","fingerprint","libpadeldescriptor.CDK_PubchemFingerprinter"
404,"PubchemFP403","fingerprint","libpadeldescriptor.CDK_PubchemFingerprinter"
405,"PubchemFP404","fingerprint","libpadeldescriptor.CDK_PubchemFingerprinter"
406,"PubchemFP405","fingerprint","libpadeldescriptor.CDK_PubchemFingerprinter"
407,"PubchemFP406","fingerprint","libpadeldescriptor.CDK_PubchemFingerprinter"
408,"PubchemFP407","fingerprint","libpadeldescriptor.CDK_PubchemFingerprinter"
409,"PubchemFP408","fingerprint","libpadeldescriptor.CDK_PubchemFingerprinter"
410,"PubchemFP409","fingerprint","libpadeldescriptor.CDK_PubchemFingerprinter"
411,"PubchemFP410","fingerprint","libpadeldescriptor.CDK_PubchemFingerprinter"
412,"PubchemFP411","fingerprint","libpadeldescriptor.CDK_PubchemFingerprinter"
413,"PubchemFP412","fingerprint","libpadeldescriptor.CDK_PubchemFingerprinter"
414,"PubchemFP413","fingerprint","libpadeldescriptor.CDK_PubchemFingerprinter"
415,"PubchemFP414","fingerprint","libpadeldescriptor.CDK_PubchemFingerprinter"
416,"PubchemFP415","fingerprint","libpadeldescriptor.CDK_PubchemFingerprinter"
417,"PubchemFP416","fingerprint","libpadeldescriptor.CDK_PubchemFingerprinter"
418,"PubchemFP417","fingerprint","libpadeldescriptor.CDK_PubchemFingerprinter"
419,"PubchemFP418","fingerprint","libpadeldescriptor.CDK_PubchemFingerprinter"
420,"PubchemFP419","fingerprint","libpadeldescriptor.CDK_PubchemFingerprinter"
421,"PubchemFP420","fingerprint","libpadeldescriptor.CDK_PubchemFingerprinter"
422,"PubchemFP421","fingerprint","libpadeldescriptor.CDK_PubchemFingerprinter"
423,"PubchemFP422","fingerprint","libpadeldescriptor.CDK_PubchemFingerprinter"
424,"PubchemFP423","fingerprint","libpadeldescriptor.CDK_PubchemFingerprinter"
425,"PubchemFP424","fingerprint","libpadeldescriptor.CDK_PubchemFingerprinter"
426,"PubchemFP425","fingerprint","libpadeldescriptor.CDK_PubchemFingerprinter"
427,"PubchemFP426","fingerprint","libpadeldescriptor.CDK_PubchemFingerprinter"
428,"PubchemFP427","fingerprint","libpadeldescriptor.CDK_PubchemFingerprinter"
429,"PubchemFP428","fingerprint","libpadeldescriptor.CDK_PubchemFingerprinter"
430,"PubchemFP429","fingerprint","libpadeldescriptor.CDK_PubchemFingerprinter"
431,"PubchemFP430","fingerprint","libpadeldescriptor.CDK_PubchemFingerprinter"
432,"PubchemFP431","fingerprint","libpadeldescriptor.CDK_PubchemFingerprinter"
433,"PubchemFP432","fingerprint","libpadeldescriptor.CDK_PubchemFingerprinter"
434,"PubchemFP433","fingerprint","libpadeldescriptor.CDK_PubchemFingerprinter"
435,"PubchemFP434","fingerprint","libpadeldescriptor.CDK_PubchemFingerprinter"
436,"PubchemFP435","fingerprint","libpadeldescriptor.CDK_PubchemFingerprinter"
437,"PubchemFP436","fingerprint","libpadeldescriptor.CDK_PubchemFingerprinter"
438,"PubchemFP437","fingerprint","libpadeldescriptor.CDK_PubchemFingerprinter"
439,"PubchemFP438","fingerprint","libpadeldescriptor.CDK_PubchemFingerprinter"
440,"PubchemFP439","fingerprint","libpadeldescriptor.CDK_PubchemFingerprinter"
441,"PubchemFP440","fingerprint","libpadeldescriptor.CDK_PubchemFingerprinter"
442,"PubchemFP441","fingerprint","libpadeldescriptor.CDK_PubchemFingerprinter"
443,"PubchemFP442","fingerprint","libpadeldescriptor.CDK_PubchemFingerprinter"
444,"PubchemFP443","fingerprint","libpadeldescriptor.CDK_PubchemFingerprinter"
445,"PubchemFP444","fingerprint","libpadeldescriptor.CDK_PubchemFingerprinter"
446,"PubchemFP445","fingerprint","libpadeldescriptor.CDK_PubchemFingerprinter"
447,"PubchemFP446","fingerprint","libpadeldescriptor.CDK_PubchemFingerprinter"
448,"PubchemFP447","fingerprint","libpadeldescriptor.CDK_PubchemFingerprinter"
449,"PubchemFP448","fingerprint","libpadeldescriptor.CDK_PubchemFingerprinter"
450,"PubchemFP449","fingerprint","libpadeldescriptor.CDK_PubchemFingerprinter"
451,"PubchemFP450","fingerprint","libpadeldescriptor.CDK_PubchemFingerprinter"
452,"PubchemFP451","fingerprint","libpadeldescriptor.CDK_PubchemFingerprinter"
453,"PubchemFP452","fingerprint","libpadeldescriptor.CDK_PubchemFingerprinter"
454,"PubchemFP453","fingerprint","libpadeldescriptor.CDK_PubchemFingerprinter"
455,"PubchemFP454","fingerprint","libpadeldescriptor.CDK_PubchemFingerprinter"
456,"PubchemFP455","fingerprint","libpadeldescriptor.CDK_PubchemFingerprinter"
457,"PubchemFP456","fingerprint","libpadeldescriptor.CDK_PubchemFingerprinter"
458,"PubchemFP457","fingerprint","libpadeldescriptor.CDK_PubchemFingerprinter"
459,"PubchemFP458","fingerprint","libpadeldescriptor.CDK_PubchemFingerprinter"
460,"PubchemFP459","fingerprint","libpadeldescriptor.CDK_PubchemFingerprinter"
461,"PubchemFP460","fingerprint","libpadeldescriptor.CDK_PubchemFingerprinter"
462,"PubchemFP461","fingerprint","libpadeldescriptor.CDK_PubchemFingerprinter"
463,"PubchemFP462","fingerprint","libpadeldescriptor.CDK_PubchemFingerprinter"
464,"PubchemFP463","fingerprint","libpadeldescriptor.CDK_PubchemFingerprinter"
465,"PubchemFP464","fingerprint","libpadeldescriptor.CDK_PubchemFingerprinter"
466,"PubchemFP465","fingerprint","libpadeldescriptor.CDK_PubchemFingerprinter"
467,"PubchemFP466","fingerprint","libpadeldescriptor.CDK_PubchemFingerprinter"
468,"PubchemFP467","fingerprint","libpadeldescriptor.CDK_PubchemFingerprinter"
469,"PubchemFP468","fingerprint","libpadeldescriptor.CDK_PubchemFingerprinter"
470,"PubchemFP469","fingerprint","libpadeldescriptor.CDK_PubchemFingerprinter"
471,"PubchemFP470","fingerprint","libpadeldescriptor.CDK_PubchemFingerprinter"
472,"PubchemFP471","fingerprint","libpadeldescriptor.CDK_PubchemFingerprinter"
473,"PubchemFP472","fingerprint","libpadeldescriptor.CDK_PubchemFingerprinter"
474,"PubchemFP473","fingerprint","libpadeldescriptor.CDK_PubchemFingerprinter"
475,"PubchemFP474","fingerprint","libpadeldescriptor.CDK_PubchemFingerprinter"
476,"PubchemFP475","fingerprint","libpadeldescriptor.CDK_PubchemFingerprinter"
477,"PubchemFP476","fingerprint","libpadeldescriptor.CDK_PubchemFingerprinter"
478,"PubchemFP477","fingerprint","libpadeldescriptor.CDK_PubchemFingerprinter"
479,"PubchemFP478","fingerprint","libpadeldescriptor.CDK_PubchemFingerprinter"
480,"PubchemFP479","fingerprint","libpadeldescriptor.CDK_PubchemFingerprinter"
481,"PubchemFP480","fingerprint","libpadeldescriptor.CDK_PubchemFingerprinter"
482,"PubchemFP481","fingerprint","libpadeldescriptor.CDK_PubchemFingerprinter"
483,"PubchemFP482","fingerprint","libpadeldescriptor.CDK_PubchemFingerprinter"
484,"PubchemFP483","fingerprint","libpadeldescriptor.CDK_PubchemFingerprinter"
485,"PubchemFP484","fingerprint","libpadeldescriptor.CDK_PubchemFingerprinter"
486,"PubchemFP485","fingerprint","libpadeldescriptor.CDK_PubchemFingerprinter"
487,"PubchemFP486","fingerprint","libpadeldescriptor.CDK_PubchemFingerprinter"
488,"PubchemFP487","fingerprint","libpadeldescriptor.CDK_PubchemFingerprinter"
489,"PubchemFP488","fingerprint","libpadeldescriptor.CDK_PubchemFingerprinter"
490,"PubchemFP489","fingerprint","libpadeldescriptor.CDK_PubchemFingerprinter"
491,"PubchemFP490","fingerprint","libpadeldescriptor.CDK_PubchemFingerprinter"
492,"PubchemFP491","fingerprint","libpadeldescriptor.CDK_PubchemFingerprinter"
493,"PubchemFP492","fingerprint","libpadeldescriptor.CDK_PubchemFingerprinter"
494,"PubchemFP493","fingerprint","libpadeldescriptor.CDK_PubchemFingerprinter"
495,"PubchemFP494","fingerprint","libpadeldescriptor.CDK_PubchemFingerprinter"
496,"PubchemFP495","fingerprint","libpadeldescriptor.CDK_PubchemFingerprinter"
497,"PubchemFP496","fingerprint","libpadeldescriptor.CDK_PubchemFingerprinter"
498,"PubchemFP497","fingerprint","libpadeldescriptor.CDK_PubchemFingerprinter"
499,"PubchemFP498","fingerprint","libpadeldescriptor.CDK_PubchemFingerprinter"
500,"PubchemFP499","fingerprint","libpadeldescriptor.CDK_PubchemFingerprinter"
501,"PubchemFP500","fingerprint","libpadeldescriptor.CDK_PubchemFingerprinter"
502,"PubchemFP501","fingerprint","libpadeldescriptor.CDK_PubchemFingerprinter"
503,"PubchemFP502","fingerprint","libpadeldescriptor.CDK_PubchemFingerprinter"
504,"PubchemFP503","fingerprint","libpadeldescriptor.CDK_PubchemFingerprinter"
505,"PubchemFP504","fingerprint","libpadeldescriptor.CDK_PubchemFingerprinter"
506,"PubchemFP505","fingerprint","libpadeldescriptor.CDK_PubchemFingerprinter"
507,"PubchemFP506","fingerprint","libpadeldescriptor.CDK_PubchemFingerprinter"
508,"PubchemFP507","fingerprint","libpadeldescriptor.CDK_PubchemFingerprinter"
509,"PubchemFP508","fingerprint","libpadeldescriptor.CDK_PubchemFingerprinter"
510,"PubchemFP509","fingerprint","libpadeldescriptor.CDK_PubchemFingerprinter"
511,"PubchemFP510","fingerprint","libpadeldescriptor.CDK_PubchemFingerprinter"
512,"PubchemFP511","fingerprint","libpadeldescriptor.CDK_PubchemFingerprinter"
513,"PubchemFP512","fingerprint","libpadeldescriptor.CDK_PubchemFingerprinter"
514,"PubchemFP513","fingerprint","libpadeldescriptor.CDK_PubchemFingerprinter"
515,"PubchemFP514","fingerprint","libpadeldescriptor.CDK_PubchemFingerprinter"
516,"PubchemFP515","fingerprint","libpadeldescriptor.CDK_PubchemFingerprinter"
517,"PubchemFP516","fingerprint","libpadeldescriptor.CDK_PubchemFingerprinter"
518,"PubchemFP517","fingerprint","libpadeldescriptor.CDK_PubchemFingerprinter"
519,"PubchemFP518","fingerprint","libpadeldescriptor.CDK_PubchemFingerprinter"
520,"PubchemFP519","fingerprint","libpadeldescriptor.CDK_PubchemFingerprinter"
521,"PubchemFP520","fingerprint","libpadeldescriptor.CDK_PubchemFingerprinter"
522,"PubchemFP521","fingerprint","libpadeldescriptor.CDK_PubchemFingerprinter"
523,"PubchemFP522","fingerprint","libpadeldescriptor.CDK_PubchemFingerprinter"
524,"PubchemFP523","fingerprint","libpadeldescriptor.CDK_PubchemFingerprinter"
525,"PubchemFP524","fingerprint","libpadeldescriptor.CDK_PubchemFingerprinter"
526,"PubchemFP525","fingerprint","libpadeldescriptor.CDK_PubchemFingerprinter"
527,"PubchemFP526","fingerprint","libpadeldescriptor.CDK_PubchemFingerprinter"
528,"PubchemFP527","fingerprint","libpadeldescriptor.CDK_PubchemFingerprinter"
529,"PubchemFP528","fingerprint","libpadeldescriptor.CDK_PubchemFingerprinter"
530,"PubchemFP529","fingerprint","libpadeldescriptor.CDK_PubchemFingerprinter"
531,"PubchemFP530","fingerprint","libpadeldescriptor.CDK_PubchemFingerprinter"
532,"PubchemFP531","fingerprint","libpadeldescriptor.CDK_PubchemFingerprinter"
533,"PubchemFP532","fingerprint","libpadeldescriptor.CDK_PubchemFingerprinter"
534,"PubchemFP533","fingerprint","libpadeldescriptor.CDK_PubchemFingerprinter"
535,"PubchemFP534","fingerprint","libpadeldescriptor.CDK_PubchemFingerprinter"
536,"PubchemFP535","fingerprint","libpadeldescriptor.CDK_PubchemFingerprinter"
537,"PubchemFP536","fingerprint","libpadeldescriptor.CDK_PubchemFingerprinter"
538,"PubchemFP537","fingerprint","libpadeldescriptor.CDK_PubchemFingerprinter"
539,"PubchemFP538","fingerprint","libpadeldescriptor.CDK_PubchemFingerprinter"
540,"PubchemFP539","fingerprint","libpadeldescriptor.CDK_PubchemFingerprinter"
541,"PubchemFP540","fingerprint","libpadeldescriptor.CDK_PubchemFingerprinter"
542,"PubchemFP541","fingerprint","libpadeldescriptor.CDK_PubchemFingerprinter"
543,"PubchemFP542","fingerprint","libpadeldescriptor.CDK_PubchemFingerprinter"
544,"PubchemFP543","fingerprint","libpadeldescriptor.CDK_PubchemFingerprinter"
545,"PubchemFP544","fingerprint","libpadeldescriptor.CDK_PubchemFingerprinter"
546,"PubchemFP545","fingerprint","libpadeldescriptor.CDK_PubchemFingerprinter"
547,"PubchemFP546","fingerprint","libpadeldescriptor.CDK_PubchemFingerprinter"
548,"PubchemFP547","fingerprint","libpadeldescriptor.CDK_PubchemFingerprinter"
549,"PubchemFP548","fingerprint","libpadeldescriptor.CDK_PubchemFingerprinter"
550,"PubchemFP549","fingerprint","libpadeldescriptor.CDK_PubchemFingerprinter"
551,"PubchemFP550","fingerprint","libpadeldescriptor.CDK_PubchemFingerprinter"
552,"PubchemFP551","fingerprint","libpadeldescriptor.CDK_PubchemFingerprinter"
553,"PubchemFP552","fingerprint","libpadeldescriptor.CDK_PubchemFingerprinter"
554,"PubchemFP553","fingerprint","libpadeldescriptor.CDK_PubchemFingerprinter"
555,"PubchemFP554","fingerprint","libpadeldescriptor.CDK_PubchemFingerprinter"
556,"PubchemFP555","fingerprint","libpadeldescriptor.CDK_PubchemFingerprinter"
557,"PubchemFP556","fingerprint","libpadeldescriptor.CDK_PubchemFingerprinter"
558,"PubchemFP557","fingerprint","libpadeldescriptor.CDK_PubchemFingerprinter"
559,"PubchemFP558","fingerprint","libpadeldescriptor.CDK_PubchemFingerprinter"
560,"PubchemFP559","fingerprint","libpadeldescriptor.CDK_PubchemFingerprinter"
561,"PubchemFP560","fingerprint","libpadeldescriptor.CDK_PubchemFingerprinter"
562,"PubchemFP561","fingerprint","libpadeldescriptor.CDK_PubchemFingerprinter"
563,"PubchemFP562","fingerprint","libpadeldescriptor.CDK_PubchemFingerprinter"
564,"PubchemFP563","fingerprint","libpadeldescriptor.CDK_PubchemFingerprinter"
565,"PubchemFP564","fingerprint","libpadeldescriptor.CDK_PubchemFingerprinter"
566,"PubchemFP565","fingerprint","libpadeldescriptor.CDK_PubchemFingerprinter"
567,"PubchemFP566","fingerprint","libpadeldescriptor.CDK_PubchemFingerprinter"
568,"PubchemFP567","fingerprint","libpadeldescriptor.CDK_PubchemFingerprinter"
569,"PubchemFP568","fingerprint","libpadeldescriptor.CDK_PubchemFingerprinter"
570,"PubchemFP569","fingerprint","libpadeldescriptor.CDK_PubchemFingerprinter"
571,"PubchemFP570","fingerprint","libpadeldescriptor.CDK_PubchemFingerprinter"
572,"PubchemFP571","fingerprint","libpadeldescriptor.CDK_PubchemFingerprinter"
573,"PubchemFP572","fingerprint","libpadeldescriptor.CDK_PubchemFingerprinter"
574,"PubchemFP573","fingerprint","libpadeldescriptor.CDK_PubchemFingerprinter"
575,"PubchemFP574","fingerprint","libpadeldescriptor.CDK_PubchemFingerprinter"
576,"PubchemFP575","fingerprint","libpadeldescriptor.CDK_PubchemFingerprinter"
577,"PubchemFP576","fingerprint","libpadeldescriptor.CDK_PubchemFingerprinter"
578,"PubchemFP577","fingerprint","libpadeldescriptor.CDK_PubchemFingerprinter"
579,"PubchemFP578","fingerprint","libpadeldescriptor.CDK_PubchemFingerprinter"
580,"PubchemFP579","fingerprint","libpadeldescriptor.CDK_PubchemFingerprinter"
581,"PubchemFP580","fingerprint","libpadeldescriptor.CDK_PubchemFingerprinter"
582,"PubchemFP581","fingerprint","libpadeldescriptor.CDK_PubchemFingerprinter"
583,"PubchemFP582","fingerprint","libpadeldescriptor.CDK_PubchemFingerprinter"
584,"PubchemFP583","fingerprint","libpadeldescriptor.CDK_PubchemFingerprinter"
585,"PubchemFP584","fingerprint","libpadeldescriptor.CDK_PubchemFingerprinter"
586,"PubchemFP585","fingerprint","libpadeldescriptor.CDK_PubchemFingerprinter"
587,"PubchemFP586","fingerprint","libpadeldescriptor.CDK_PubchemFingerprinter"
588,"PubchemFP587","fingerprint","libpadeldescriptor.CDK_PubchemFingerprinter"
589,"PubchemFP588","fingerprint","libpadeldescriptor.CDK_PubchemFingerprinter"
590,"PubchemFP589","fingerprint","libpadeldescriptor.CDK_PubchemFingerprinter"
591,"PubchemFP590","fingerprint","libpadeldescriptor.CDK_PubchemFingerprinter"
592,"PubchemFP591","fingerprint","libpadeldescriptor.CDK_PubchemFingerprinter"
593,"PubchemFP592","fingerprint","libpadeldescriptor.CDK_PubchemFingerprinter"
594,"PubchemFP593","fingerprint","libpadeldescriptor.CDK_PubchemFingerprinter"
595,"PubchemFP594","fingerprint","libpadeldescriptor.CDK_PubchemFingerprinter"
596,"PubchemFP595","fingerprint","libpadeldescriptor.CDK_PubchemFingerprinter"
597,"PubchemFP596","fingerprint","libpadeldescriptor.CDK_PubchemFingerprinter"
598,"PubchemFP597","fingerprint","libpadeldescriptor.CDK_PubchemFingerprinter"
599,"PubchemFP598","fingerprint","libpadeldescriptor.CDK_PubchemFingerprinter"
600,"PubchemFP599","fingerprint","libpadeldescriptor.CDK_PubchemFingerprinter"
601,"PubchemFP600","fingerprint","libpadeldescriptor.CDK_PubchemFingerprinter"
602,"PubchemFP601","fingerprint","libpadeldescriptor.CDK_PubchemFingerprinter"
603,"PubchemFP602","fingerprint","libpadeldescriptor.CDK_PubchemFingerprinter"
604,"PubchemFP603","fingerprint","libpadeldescriptor.CDK_PubchemFingerprinter"
605,"PubchemFP604","fingerprint","libpadeldescriptor.CDK_PubchemFingerprinter"
606,"PubchemFP605","fingerprint","libpadeldescriptor.CDK_PubchemFingerprinter"
607,"PubchemFP606","fingerprint","libpadeldescriptor.CDK_PubchemFingerprinter"
608,"PubchemFP607","fingerprint","libpadeldescriptor.CDK_PubchemFingerprinter"
609,"PubchemFP608","fingerprint","libpadeldescriptor.CDK_PubchemFingerprinter"
610,"PubchemFP609","fingerprint","libpadeldescriptor.CDK_PubchemFingerprinter"
611,"PubchemFP610","fingerprint","libpadeldescriptor.CDK_PubchemFingerprinter"
612,"PubchemFP611","fingerprint","libpadeldescriptor.CDK_PubchemFingerprinter"
613,"PubchemFP612","fingerprint","libpadeldescriptor.CDK_PubchemFingerprinter"
614,"PubchemFP613","fingerprint","libpadeldescriptor.CDK_PubchemFingerprinter"
615,"PubchemFP614","fingerprint","libpadeldescriptor.CDK_PubchemFingerprinter"
616,"PubchemFP615","fingerprint","libpadeldescriptor.CDK_PubchemFingerprinter"
617,"PubchemFP616","fingerprint","libpadeldescriptor.CDK_PubchemFingerprinter"
618,"PubchemFP617","fingerprint","libpadeldescriptor.CDK_PubchemFingerprinter"
619,"PubchemFP618","fingerprint","libpadeldescriptor.CDK_PubchemFingerprinter"
620,"PubchemFP619","fingerprint","libpadeldescriptor.CDK_PubchemFingerprinter"
621,"PubchemFP620","fingerprint","libpadeldescriptor.CDK_PubchemFingerprinter"
622,"PubchemFP621","fingerprint","libpadeldescriptor.CDK_PubchemFingerprinter"
623,"PubchemFP622","fingerprint","libpadeldescriptor.CDK_PubchemFingerprinter"
624,"PubchemFP623","fingerprint","libpadeldescriptor.CDK_PubchemFingerprinter"
625,"PubchemFP624","fingerprint","libpadeldescriptor.CDK_PubchemFingerprinter"
626,"PubchemFP625","fingerprint","libpadeldescriptor.CDK_PubchemFingerprinter"
627,"PubchemFP626","fingerprint","libpadeldescriptor.CDK_PubchemFingerprinter"
628,"PubchemFP627","fingerprint","libpadeldescriptor.CDK_PubchemFingerprinter"
629,"PubchemFP628","fingerprint","libpadeldescriptor.CDK_PubchemFingerprinter"
630,"PubchemFP629","fingerprint","libpadeldescriptor.CDK_PubchemFingerprinter"
631,"PubchemFP630","fingerprint","libpadeldescriptor.CDK_PubchemFingerprinter"
632,"PubchemFP631","fingerprint","libpadeldescriptor.CDK_PubchemFingerprinter"
633,"PubchemFP632","fingerprint","libpadeldescriptor.CDK_PubchemFingerprinter"
634,"PubchemFP633","fingerprint","libpadeldescriptor.CDK_PubchemFingerprinter"
635,"PubchemFP634","fingerprint","libpadeldescriptor.CDK_PubchemFingerprinter"
636,"PubchemFP635","fingerprint","libpadeldescriptor.CDK_PubchemFingerprinter"
637,"PubchemFP636","fingerprint","libpadeldescriptor.CDK_PubchemFingerprinter"
638,"PubchemFP637","fingerprint","libpadeldescriptor.CDK_PubchemFingerprinter"
639,"PubchemFP638","fingerprint","libpadeldescriptor.CDK_PubchemFingerprinter"
640,"PubchemFP639","fingerprint","libpadeldescriptor.CDK_PubchemFingerprinter"
641,"PubchemFP640","fingerprint","libpadeldescriptor.CDK_PubchemFingerprinter"
642,"PubchemFP641","fingerprint","libpadeldescriptor.CDK_PubchemFingerprinter"
643,"PubchemFP642","fingerprint","libpadeldescriptor.CDK_PubchemFingerprinter"
644,"PubchemFP643","fingerprint","libpadeldescriptor.CDK_PubchemFingerprinter"
645,"PubchemFP644","fingerprint","libpadeldescriptor.CDK_PubchemFingerprinter"
646,"PubchemFP645","fingerprint","libpadeldescriptor.CDK_PubchemFingerprinter"
647,"PubchemFP646","fingerprint","libpadeldescriptor.CDK_PubchemFingerprinter"
648,"PubchemFP647","fingerprint","libpadeldescriptor.CDK_PubchemFingerprinter"
649,"PubchemFP648","fingerprint","libpadeldescriptor.CDK_PubchemFingerprinter"
650,"PubchemFP649","fingerprint","libpadeldescriptor.CDK_PubchemFingerprinter"
651,"PubchemFP650","fingerprint","libpadeldescriptor.CDK_PubchemFingerprinter"
652,"PubchemFP651","fingerprint","libpadeldescriptor.CDK_PubchemFingerprinter"
653,"PubchemFP652","fingerprint","libpadeldescriptor.CDK_PubchemFingerprinter"
654,"PubchemFP653","fingerprint","libpadeldescriptor.CDK_PubchemFingerprinter"
655,"PubchemFP654","fingerprint","libpadeldescriptor.CDK_PubchemFingerprinter"
656,"PubchemFP655","fingerprint","libpadeldescriptor.CDK_PubchemFingerprinter"
657,"PubchemFP656","fingerprint","libpadeldescriptor.CDK_PubchemFingerprinter"
658,"PubchemFP657","fingerprint","libpadeldescriptor.CDK_PubchemFingerprinter"
659,"PubchemFP658","fingerprint","libpadeldescriptor.CDK_PubchemFingerprinter"
660,"PubchemFP659","fingerprint","libpadeldescriptor.CDK_PubchemFingerprinter"
661,"PubchemFP660","fingerprint","libpadeldescriptor.CDK_PubchemFingerprinter"
662,"PubchemFP661","fingerprint","libpadeldescriptor.CDK_PubchemFingerprinter"
663,"PubchemFP662","fingerprint","libpadeldescriptor.CDK_PubchemFingerprinter"
664,"PubchemFP663","fingerprint","libpadeldescriptor.CDK_PubchemFingerprinter"
665,"PubchemFP664","fingerprint","libpadeldescriptor.CDK_PubchemFingerprinter"
666,"PubchemFP665","fingerprint","libpadeldescriptor.CDK_PubchemFingerprinter"
667,"PubchemFP666","fingerprint","libpadeldescriptor.CDK_PubchemFingerprinter"
668,"PubchemFP667","fingerprint","libpadeldescriptor.CDK_PubchemFingerprinter"
669,"PubchemFP668","fingerprint","libpadeldescriptor.CDK_PubchemFingerprinter"
670,"PubchemFP669","fingerprint","libpadeldescriptor.CDK_PubchemFingerprinter"
671,"PubchemFP670","fingerprint","libpadeldescriptor.CDK_PubchemFingerprinter"
672,"PubchemFP671","fingerprint","libpadeldescriptor.CDK_PubchemFingerprinter"
673,"PubchemFP672","fingerprint","libpadeldescriptor.CDK_PubchemFingerprinter"
674,"PubchemFP673","fingerprint","libpadeldescriptor.CDK_PubchemFingerprinter"
675,"PubchemFP674","fingerprint","libpadeldescriptor.CDK_PubchemFingerprinter"
676,"PubchemFP675","fingerprint","libpadeldescriptor.CDK_PubchemFingerprinter"
677,"PubchemFP676","fingerprint","libpadeldescriptor.CDK_PubchemFingerprinter"
678,"PubchemFP677","fingerprint","libpadeldescriptor.CDK_PubchemFingerprinter"
679,"PubchemFP678","fingerprint","libpadeldescriptor.CDK_PubchemFingerprinter"
680,"PubchemFP679","fingerprint","libpadeldescriptor.CDK_PubchemFingerprinter"
681,"PubchemFP680","fingerprint","libpadeldescriptor.CDK_PubchemFingerprinter"
682,"PubchemFP681","fingerprint","libpadeldescriptor.CDK_PubchemFingerprinter"
683,"PubchemFP682","fingerprint","libpadeldescriptor.CDK_PubchemFingerprinter"
684,"PubchemFP683","fingerprint","libpadeldescriptor.CDK_PubchemFingerprinter"
685,"PubchemFP684","fingerprint","libpadeldescriptor.CDK_PubchemFingerprinter"
686,"PubchemFP685","fingerprint","libpadeldescriptor.CDK_PubchemFingerprinter"
687,"PubchemFP686","fingerprint","libpadeldescriptor.CDK_PubchemFingerprinter"
688,"PubchemFP687","fingerprint","libpadeldescriptor.CDK_PubchemFingerprinter"
689,"PubchemFP688","fingerprint","libpadeldescriptor.CDK_PubchemFingerprinter"
690,"PubchemFP689","fingerprint","libpadeldescriptor.CDK_PubchemFingerprinter"
691,"PubchemFP690","fingerprint","libpadeldescriptor.CDK_PubchemFingerprinter"
692,"PubchemFP691","fingerprint","libpadeldescriptor.CDK_PubchemFingerprinter"
693,"PubchemFP692","fingerprint","libpadeldescriptor.CDK_PubchemFingerprinter"
694,"PubchemFP693","fingerprint","libpadeldescriptor.CDK_PubchemFingerprinter"
695,"PubchemFP694","fingerprint","libpadeldescriptor.CDK_PubchemFingerprinter"
696,"PubchemFP695","fingerprint","libpadeldescriptor.CDK_PubchemFingerprinter"
697,"PubchemFP696","fingerprint","libpadeldescriptor.CDK_PubchemFingerprinter"
698,"PubchemFP697","fingerprint","libpadeldescriptor.CDK_PubchemFingerprinter"
699,"PubchemFP698","fingerprint","libpadeldescriptor.CDK_PubchemFingerprinter"
700,"PubchemFP699","fingerprint","libpadeldescriptor.CDK_PubchemFingerprinter"
701,"PubchemFP700","fingerprint","libpadeldescriptor.CDK_PubchemFingerprinter"
702,"PubchemFP701","fingerprint","libpadeldescriptor.CDK_PubchemFingerprinter"
703,"PubchemFP702","fingerprint","libpadeldescriptor.CDK_PubchemFingerprinter"
704,"PubchemFP703","fingerprint","libpadeldescriptor.CDK_PubchemFingerprinter"
705,"PubchemFP704","fingerprint","libpadeldescriptor.CDK_PubchemFingerprinter"
706,"PubchemFP705","fingerprint","libpadeldescriptor.CDK_PubchemFingerprinter"
707,"PubchemFP706","fingerprint","libpadeldescriptor.CDK_PubchemFingerprinter"
708,"PubchemFP707","fingerprint","libpadeldescriptor.CDK_PubchemFingerprinter"
709,"PubchemFP708","fingerprint","libpadeldescriptor.CDK_PubchemFingerprinter"
710,"PubchemFP709","fingerprint","libpadeldescriptor.CDK_PubchemFingerprinter"
711,"PubchemFP710","fingerprint","libpadeldescriptor.CDK_PubchemFingerprinter"
712,"PubchemFP711","fingerprint","libpadeldescriptor.CDK_PubchemFingerprinter"
713,"PubchemFP712","fingerprint","libpadeldescriptor.CDK_PubchemFingerprinter"
714,"PubchemFP713","fingerprint","libpadeldescriptor.CDK_PubchemFingerprinter"
715,"PubchemFP714","fingerprint","libpadeldescriptor.CDK_PubchemFingerprinter"
716,"PubchemFP715","fingerprint","libpadeldescriptor.CDK_PubchemFingerprinter"
717,"PubchemFP716","fingerprint","libpadeldescriptor.CDK_PubchemFingerprinter"
718,"PubchemFP717","fingerprint","libpadeldescriptor.CDK_PubchemFingerprinter"
719,"PubchemFP718","fingerprint","libpadeldescriptor.CDK_PubchemFingerprinter"
720,"PubchemFP719","fingerprint","libpadeldescriptor.CDK_PubchemFingerprinter"
721,"PubchemFP720","fingerprint","libpadeldescriptor.CDK_PubchemFingerprinter"
722,"PubchemFP721","fingerprint","libpadeldescriptor.CDK_PubchemFingerprinter"
723,"PubchemFP722","fingerprint","libpadeldescriptor.CDK_PubchemFingerprinter"
724,"PubchemFP723","fingerprint","libpadeldescriptor.CDK_PubchemFingerprinter"
725,"PubchemFP724","fingerprint","libpadeldescriptor.CDK_PubchemFingerprinter"
726,"PubchemFP725","fingerprint","libpadeldescriptor.CDK_PubchemFingerprinter"
727,"PubchemFP726","fingerprint","libpadeldescriptor.CDK_PubchemFingerprinter"
728,"PubchemFP727","fingerprint","libpadeldescriptor.CDK_PubchemFingerprinter"
729,"PubchemFP728","fingerprint","libpadeldescriptor.CDK_PubchemFingerprinter"
730,"PubchemFP729","fingerprint","libpadeldescriptor.CDK_PubchemFingerprinter"
731,"PubchemFP730","fingerprint","libpadeldescriptor.CDK_PubchemFingerprinter"
732,"PubchemFP731","fingerprint","libpadeldescriptor.CDK_PubchemFingerprinter"
733,"PubchemFP732","fingerprint","libpadeldescriptor.CDK_PubchemFingerprinter"
734,"PubchemFP733","fingerprint","libpadeldescriptor.CDK_PubchemFingerprinter"
735,"PubchemFP734","fingerprint","libpadeldescriptor.CDK_PubchemFingerprinter"
736,"PubchemFP735","fingerprint","libpadeldescriptor.CDK_PubchemFingerprinter"
737,"PubchemFP736","fingerprint","libpadeldescriptor.CDK_PubchemFingerprinter"
738,"PubchemFP737","fingerprint","libpadeldescriptor.CDK_PubchemFingerprinter"
739,"PubchemFP738","fingerprint","libpadeldescriptor.CDK_PubchemFingerprinter"
740,"PubchemFP739","fingerprint","libpadeldescriptor.CDK_PubchemFingerprinter"
741,"PubchemFP740","fingerprint","libpadeldescriptor.CDK_PubchemFingerprinter"
742,"PubchemFP741","fingerprint","libpadeldescriptor.CDK_PubchemFingerprinter"
743,"PubchemFP742","fingerprint","libpadeldescriptor.CDK_PubchemFingerprinter"
744,"PubchemFP743","fingerprint","libpadeldescriptor.CDK_PubchemFingerprinter"
745,"PubchemFP744","fingerprint","libpadeldescriptor.CDK_PubchemFingerprinter"
746,"PubchemFP745","fingerprint","libpadeldescriptor.CDK_PubchemFingerprinter"
747,"PubchemFP746","fingerprint","libpadeldescriptor.CDK_PubchemFingerprinter"
748,"PubchemFP747","fingerprint","libpadeldescriptor.CDK_PubchemFingerprinter"
749,"PubchemFP748","fingerprint","libpadeldescriptor.CDK_PubchemFingerprinter"
750,"PubchemFP749","fingerprint","libpadeldescriptor.CDK_PubchemFingerprinter"
751,"PubchemFP750","fingerprint","libpadeldescriptor.CDK_PubchemFingerprinter"
752,"PubchemFP751","fingerprint","libpadeldescriptor.CDK_PubchemFingerprinter"
753,"PubchemFP752","fingerprint","libpadeldescriptor.CDK_PubchemFingerprinter"
754,"PubchemFP753","fingerprint","libpadeldescriptor.CDK_PubchemFingerprinter"
755,"PubchemFP754","fingerprint","libpadeldescriptor.CDK_PubchemFingerprinter"
756,"PubchemFP755","fingerprint","libpadeldescriptor.CDK_PubchemFingerprinter"
757,"PubchemFP756","fingerprint","libpadeldescriptor.CDK_PubchemFingerprinter"
758,"PubchemFP757","fingerprint","libpadeldescriptor.CDK_PubchemFingerprinter"
759,"PubchemFP758","fingerprint","libpadeldescriptor.CDK_PubchemFingerprinter"
760,"PubchemFP759","fingerprint","libpadeldescriptor.CDK_PubchemFingerprinter"
761,"PubchemFP760","fingerprint","libpadeldescriptor.CDK_PubchemFingerprinter"
762,"PubchemFP761","fingerprint","libpadeldescriptor.CDK_PubchemFingerprinter"
763,"PubchemFP762","fingerprint","libpadeldescriptor.CDK_PubchemFingerprinter"
764,"PubchemFP763","fingerprint","libpadeldescriptor.CDK_PubchemFingerprinter"
765,"PubchemFP764","fingerprint","libpadeldescriptor.CDK_PubchemFingerprinter"
766,"PubchemFP765","fingerprint","libpadeldescriptor.CDK_PubchemFingerprinter"
767,"PubchemFP766","fingerprint","libpadeldescriptor.CDK_PubchemFingerprinter"
768,"PubchemFP767","fingerprint","libpadeldescriptor.CDK_PubchemFingerprinter"
769,"PubchemFP768","fingerprint","libpadeldescriptor.CDK_PubchemFingerprinter"
770,"PubchemFP769","fingerprint","libpadeldescriptor.CDK_PubchemFingerprinter"
771,"PubchemFP770","fingerprint","libpadeldescriptor.CDK_PubchemFingerprinter"
772,"PubchemFP771","fingerprint","libpadeldescriptor.CDK_PubchemFingerprinter"
773,"PubchemFP772","fingerprint","libpadeldescriptor.CDK_PubchemFingerprinter"
774,"PubchemFP773","fingerprint","libpadeldescriptor.CDK_PubchemFingerprinter"
775,"PubchemFP774","fingerprint","libpadeldescriptor.CDK_PubchemFingerprinter"
776,"PubchemFP775","fingerprint","libpadeldescriptor.CDK_PubchemFingerprinter"
777,"PubchemFP776","fingerprint","libpadeldescriptor.CDK_PubchemFingerprinter"
778,"PubchemFP777","fingerprint","libpadeldescriptor.CDK_PubchemFingerprinter"
779,"PubchemFP778","fingerprint","libpadeldescriptor.CDK_PubchemFingerprinter"
780,"PubchemFP779","fingerprint","libpadeldescriptor.CDK_PubchemFingerprinter"
781,"PubchemFP780","fingerprint","libpadeldescriptor.CDK_PubchemFingerprinter"
782,"PubchemFP781","fingerprint","libpadeldescriptor.CDK_PubchemFingerprinter"
783,"PubchemFP782","fingerprint","libpadeldescriptor.CDK_PubchemFingerprinter"
784,"PubchemFP783","fingerprint","libpadeldescriptor.CDK_PubchemFingerprinter"
785,"PubchemFP784","fingerprint","libpadeldescriptor.CDK_PubchemFingerprinter"
786,"PubchemFP785","fingerprint","libpadeldescriptor.CDK_PubchemFingerprinter"
787,"PubchemFP786","fingerprint","libpadeldescriptor.CDK_PubchemFingerprinter"
788,"PubchemFP787","fingerprint","libpadeldescriptor.CDK_PubchemFingerprinter"
789,"PubchemFP788","fingerprint","libpadeldescriptor.CDK_PubchemFingerprinter"
790,"PubchemFP789","fingerprint","libpadeldescriptor.CDK_PubchemFingerprinter"
791,"PubchemFP790","fingerprint","libpadeldescriptor.CDK_PubchemFingerprinter"
792,"PubchemFP791","fingerprint","libpadeldescriptor.CDK_PubchemFingerprinter"
793,"PubchemFP792","fingerprint","libpadeldescriptor.CDK_PubchemFingerprinter"
794,"PubchemFP793","fingerprint","libpadeldescriptor.CDK_PubchemFingerprinter"
795,"PubchemFP794","fingerprint","libpadeldescriptor.CDK_PubchemFingerprinter"
796,"PubchemFP795","fingerprint","libpadeldescriptor.CDK_PubchemFingerprinter"
797,"PubchemFP796","fingerprint","libpadeldescriptor.CDK_PubchemFingerprinter"
798,"PubchemFP797","fingerprint","libpadeldescriptor.CDK_PubchemFingerprinter"
799,"PubchemFP798","fingerprint","libpadeldescriptor.CDK_PubchemFingerprinter"
800,"PubchemFP799","fingerprint","libpadeldescriptor.CDK_PubchemFingerprinter"
801,"PubchemFP800","fingerprint","libpadeldescriptor.CDK_PubchemFingerprinter"
802,"PubchemFP801","fingerprint","libpadeldescriptor.CDK_PubchemFingerprinter"
803,"PubchemFP802","fingerprint","libpadeldescriptor.CDK_PubchemFingerprinter"
804,"PubchemFP803","fingerprint","libpadeldescriptor.CDK_PubchemFingerprinter"
805,"PubchemFP804","fingerprint","libpadeldescriptor.CDK_PubchemFingerprinter"
806,"PubchemFP805","fingerprint","libpadeldescriptor.CDK_PubchemFingerprinter"
807,"PubchemFP806","fingerprint","libpadeldescriptor.CDK_PubchemFingerprinter"
808,"PubchemFP807","fingerprint","libpadeldescriptor.CDK_PubchemFingerprinter"
809,"PubchemFP808","fingerprint","libpadeldescriptor.CDK_PubchemFingerprinter"
810,"PubchemFP809","fingerprint","libpadeldescriptor.CDK_PubchemFingerprinter"
811,"PubchemFP810","fingerprint","libpadeldescriptor.CDK_PubchemFingerprinter"
812,"PubchemFP811","fingerprint","libpadeldescriptor.CDK_PubchemFingerprinter"
813,"PubchemFP812","fingerprint","libpadeldescriptor.CDK_PubchemFingerprinter"
814,"PubchemFP813","fingerprint","libpadeldescriptor.CDK_PubchemFingerprinter"
815,"PubchemFP814","fingerprint","libpadeldescriptor.CDK_PubchemFingerprinter"
816,"PubchemFP815","fingerprint","libpadeldescriptor.CDK_PubchemFingerprinter"
817,"PubchemFP816","fingerprint","libpadeldescriptor.CDK_PubchemFingerprinter"
818,"PubchemFP817","fingerprint","libpadeldescriptor.CDK_PubchemFingerprinter"
819,"PubchemFP818","fingerprint","libpadeldescriptor.CDK_PubchemFingerprinter"
820,"PubchemFP819","fingerprint","libpadeldescriptor.CDK_PubchemFingerprinter"
821,"PubchemFP820","fingerprint","libpadeldescriptor.CDK_PubchemFingerprinter"
822,"PubchemFP821","fingerprint","libpadeldescriptor.CDK_PubchemFingerprinter"
823,"PubchemFP822","fingerprint","libpadeldescriptor.CDK_PubchemFingerprinter"
824,"PubchemFP823","fingerprint","libpadeldescriptor.CDK_PubchemFingerprinter"
825,"PubchemFP824","fingerprint","libpadeldescriptor.CDK_PubchemFingerprinter"
826,"PubchemFP825","fingerprint","libpadeldescriptor.CDK_PubchemFingerprinter"
827,"PubchemFP826","fingerprint","libpadeldescriptor.CDK_PubchemFingerprinter"
828,"PubchemFP827","fingerprint","libpadeldescriptor.CDK_PubchemFingerprinter"
829,"PubchemFP828","fingerprint","libpadeldescriptor.CDK_PubchemFingerprinter"
830,"PubchemFP829","fingerprint","libpadeldescriptor.CDK_PubchemFingerprinter"
831,"PubchemFP830","fingerprint","libpadeldescriptor.CDK_PubchemFingerprinter"
832,"PubchemFP831","fingerprint","libpadeldescriptor.CDK_PubchemFingerprinter"
833,"PubchemFP832","fingerprint","libpadeldescriptor.CDK_PubchemFingerprinter"
834,"PubchemFP833","fingerprint","libpadeldescriptor.CDK_PubchemFingerprinter"
835,"PubchemFP834","fingerprint","libpadeldescriptor.CDK_PubchemFingerprinter"
836,"PubchemFP835","fingerprint","libpadeldescriptor.CDK_PubchemFingerprinter"
837,"PubchemFP836","fingerprint","libpadeldescriptor.CDK_PubchemFingerprinter"
838,"PubchemFP837","fingerprint","libpadeldescriptor.CDK_PubchemFingerprinter"
839,"PubchemFP838","fingerprint","libpadeldescriptor.CDK_PubchemFingerprinter"
840,"PubchemFP839","fingerprint","libpadeldescriptor.CDK_PubchemFingerprinter"
841,"PubchemFP840","fingerprint","libpadeldescriptor.CDK_PubchemFingerprinter"
842,"PubchemFP841","fingerprint","libpadeldescriptor.CDK_PubchemFingerprinter"
843,"PubchemFP842","fingerprint","libpadeldescriptor.CDK_PubchemFingerprinter"
844,"PubchemFP843","fingerprint","libpadeldescriptor.CDK_PubchemFingerprinter"
845,"PubchemFP844","fingerprint","libpadeldescriptor.CDK_PubchemFingerprinter"
846,"PubchemFP845","fingerprint","libpadeldescriptor.CDK_PubchemFingerprinter"
847,"PubchemFP846","fingerprint","libpadeldescriptor.CDK_PubchemFingerprinter"
848,"PubchemFP847","fingerprint","libpadeldescriptor.CDK_PubchemFingerprinter"
849,"PubchemFP848","fingerprint","libpadeldescriptor.CDK_PubchemFingerprinter"
850,"PubchemFP849","fingerprint","libpadeldescriptor.CDK_PubchemFingerprinter"
851,"PubchemFP850","fingerprint","libpadeldescriptor.CDK_PubchemFingerprinter"
852,"PubchemFP851","fingerprint","libpadeldescriptor.CDK_PubchemFingerprinter"
853,"PubchemFP852","fingerprint","libpadeldescriptor.CDK_PubchemFingerprinter"
854,"PubchemFP853","fingerprint","libpadeldescriptor.CDK_PubchemFingerprinter"
855,"PubchemFP854","fingerprint","libpadeldescriptor.CDK_PubchemFingerprinter"
856,"PubchemFP855","fingerprint","libpadeldescriptor.CDK_PubchemFingerprinter"
857,"PubchemFP856","fingerprint","libpadeldescriptor.CDK_PubchemFingerprinter"
858,"PubchemFP857","fingerprint","libpadeldescriptor.CDK_PubchemFingerprinter"
859,"PubchemFP858","fingerprint","libpadeldescriptor.CDK_PubchemFingerprinter"
860,"PubchemFP859","fingerprint","libpadeldescriptor.CDK_PubchemFingerprinter"
861,"PubchemFP860","fingerprint","libpadeldescriptor.CDK_PubchemFingerprinter"
862,"PubchemFP861","fingerprint","libpadeldescriptor.CDK_PubchemFingerprinter"
863,"PubchemFP862","fingerprint","libpadeldescriptor.CDK_PubchemFingerprinter"
864,"PubchemFP863","fingerprint","libpadeldescriptor.CDK_PubchemFingerprinter"
865,"PubchemFP864","fingerprint","libpadeldescriptor.CDK_PubchemFingerprinter"
866,"PubchemFP865","fingerprint","libpadeldescriptor.CDK_PubchemFingerprinter"
867,"PubchemFP866","fingerprint","libpadeldescriptor.CDK_PubchemFingerprinter"
868,"PubchemFP867","fingerprint","libpadeldescriptor.CDK_PubchemFingerprinter"
869,"PubchemFP868","fingerprint","libpadeldescriptor.CDK_PubchemFingerprinter"
870,"PubchemFP869","fingerprint","libpadeldescriptor.CDK_PubchemFingerprinter"
871,"PubchemFP870","fingerprint","libpadeldescriptor.CDK_PubchemFingerprinter"
872,"PubchemFP871","fingerprint","libpadeldescriptor.CDK_PubchemFingerprinter"
873,"PubchemFP872","fingerprint","libpadeldescriptor.CDK_PubchemFingerprinter"
874,"PubchemFP873","fingerprint","libpadeldescriptor.CDK_PubchemFingerprinter"
875,"PubchemFP874","fingerprint","libpadeldescriptor.CDK_PubchemFingerprinter"
876,"PubchemFP875","fingerprint","libpadeldescriptor.CDK_PubchemFingerprinter"
877,"PubchemFP876","fingerprint","libpadeldescriptor.CDK_PubchemFingerprinter"
878,"PubchemFP877","fingerprint","libpadeldescriptor.CDK_PubchemFingerprinter"
879,"PubchemFP878","fingerprint","libpadeldescriptor.CDK_PubchemFingerprinter"
880,"PubchemFP879","fingerprint","libpadeldescriptor.CDK_PubchemFingerprinter"
881,"PubchemFP880","fingerprint","libpadeldescriptor.CDK_PubchemFingerprinter"
